url_pos	chrom	start	end	CF	edgeR.logFC	minlog10pval	medlog10pval	annotation	geneChr	geneStart	geneEnd	geneLength	geneStrand	transcriptId	distanceToTSS	ENSEMBL	SYMBOL	GENENAME	genic	Intergenic	Promoter	fiveUTR	threeUTR	Exon	Intron	downstream	distal_intergenic
http://genome.ucsc.edu/cgi-bin/hgTracks?hgS_doOtherUser=submit&hgS_otherUserName=welch16&hgS_otherUserSessionName=MC_tracks&position=chr1:198313201-198315400	chr1	198314201	198314400	1	4.047008230417405	6.91650947957073	6.91650947957073	Distal Intergenic	chr1	198126128	198291548	165421	+	uc021pgx.1	188073	ENSG00000151414	NEK7	NIMA-related kinase 7	0	1	0	0	0	0	0	0	1
http://genome.ucsc.edu/cgi-bin/hgTracks?hgS_doOtherUser=submit&hgS_otherUserName=welch16&hgS_otherUserSessionName=MC_tracks&position=chr4:172717801-172720200	chr4	172718801	172719200	5	3.4493680065345593	5.803142847408068	5.792189933641639	Distal Intergenic	chr4	172734575	173961558	1226984	+	uc003isv.3	-15375	ENSG00000174473	GALNTL6	polypeptide N-acetylgalactosaminyltransferase-like 6	0	1	0	0	0	0	0	0	1
http://genome.ucsc.edu/cgi-bin/hgTracks?hgS_doOtherUser=submit&hgS_otherUserName=welch16&hgS_otherUserSessionName=MC_tracks&position=chr4:175532601-175534800	chr4	175533601	175533800	1	2.3392351964889997	5.699146167101635	5.699146167101635	Distal Intergenic	chr4	175411328	175444049	32722	-	uc003itu.3	-89552	ENSG00000164120	HPGD	hydroxyprostaglandin dehydrogenase 15-(NAD)	0	1	0	0	0	0	0	0	1
http://genome.ucsc.edu/cgi-bin/hgTracks?hgS_doOtherUser=submit&hgS_otherUserName=welch16&hgS_otherUserSessionName=MC_tracks&position=chr4:176827601-176829800	chr4	176828601	176828800	3	2.7748160638875707	6.052987070644224	6.052987070644224	Intron (uc003iug.4/2823, intron 7 of 7)	chr4	176554088	176734265	180178	-	uc003iuf.4	-94336	ENSG00000150625	GPM6A	glycoprotein M6A	1	0	0	0	0	0	1	0	0
http://genome.ucsc.edu/cgi-bin/hgTracks?hgS_doOtherUser=submit&hgS_otherUserName=welch16&hgS_otherUserSessionName=MC_tracks&position=chr4:177233001-177235200	chr4	177234001	177234200	1	3.8589791257034958	5.7146256901700685	5.7146256901700685	Distal Intergenic	chr4	177241090	177253396	12307	+	uc003iur.4	-6890	ENSG00000129128	SPCS3	signal peptidase complex subunit 3	0	1	0	0	0	0	0	0	1
http://genome.ucsc.edu/cgi-bin/hgTracks?hgS_doOtherUser=submit&hgS_otherUserName=welch16&hgS_otherUserSessionName=MC_tracks&position=chr4:177357001-177359400	chr4	177358001	177358400	2	2.3305566724726106	7.345673971335276	6.737444661099501	Distal Intergenic	chr4	177241090	177253396	12307	+	uc003iur.4	116911	ENSG00000129128	SPCS3	signal peptidase complex subunit 3	0	1	0	0	0	0	0	0	1
http://genome.ucsc.edu/cgi-bin/hgTracks?hgS_doOtherUser=submit&hgS_otherUserName=welch16&hgS_otherUserSessionName=MC_tracks&position=chr4:177740001-177742400	chr4	177741001	177741400	2	2.866102858389616	6.3685139829566015	6.280688096333846	Distal Intergenic	chr4	177604691	177713895	109205	-	uc003ius.1	-27106	ENSG00000150630	VEGFC	vascular endothelial growth factor C	0	1	0	0	0	0	0	0	1
http://genome.ucsc.edu/cgi-bin/hgTracks?hgS_doOtherUser=submit&hgS_otherUserName=welch16&hgS_otherUserSessionName=MC_tracks&position=chr4:177888001-177890200	chr4	177889001	177889200	3	2.726246058137423	5.701929169652292	5.701929169652292	Distal Intergenic	chr4	177604691	177713895	109205	-	uc003ius.1	-175106	ENSG00000150630	VEGFC	vascular endothelial growth factor C	0	1	0	0	0	0	0	0	1
http://genome.ucsc.edu/cgi-bin/hgTracks?hgS_doOtherUser=submit&hgS_otherUserName=welch16&hgS_otherUserSessionName=MC_tracks&position=chr4:179496601-179498800	chr4	179497601	179497800	1	3.071857231657265	5.781506470906171	5.781506470906171	Distal Intergenic	chr4	178649911	178911904	261994	+	uc010iru.3	847690	ENSG00000231171	LINC01098	long intergenic non-protein coding RNA 1098	0	1	0	0	0	0	0	0	1
http://genome.ucsc.edu/cgi-bin/hgTracks?hgS_doOtherUser=submit&hgS_otherUserName=welch16&hgS_otherUserSessionName=MC_tracks&position=chr4:180877401-180879800	chr4	180878401	180878800	2	2.4276248837254966	6.962936286220334	6.822621742192465	Distal Intergenic	chr4	181985243	182080302	95060	-	uc003iuz.3	1201502	ENSG00000248197	LINC00290	long intergenic non-protein coding RNA 290	0	1	0	0	0	0	0	0	1
http://genome.ucsc.edu/cgi-bin/hgTracks?hgS_doOtherUser=submit&hgS_otherUserName=welch16&hgS_otherUserSessionName=MC_tracks&position=chr4:182055801-182058000	chr4	182056801	182057000	3	5.256347405396233	6.315619489235042	6.315619489235042	Intron (uc003iuz.3/728081, intron 1 of 2)	chr4	181985243	182080302	95060	-	uc003iuz.3	23302	ENSG00000248197	LINC00290	long intergenic non-protein coding RNA 290	1	0	0	0	0	0	1	0	0
http://genome.ucsc.edu/cgi-bin/hgTracks?hgS_doOtherUser=submit&hgS_otherUserName=welch16&hgS_otherUserSessionName=MC_tracks&position=chr4:182781801-182784000	chr4	182782801	182783000	2	5.318821419523711	6.5733335416156065	6.5733335416156065	Distal Intergenic	chr4	183065140	183271469	206330	+	uc010irv.1	-282140	ENSG00000218336	TENM3	teneurin transmembrane protein 3	0	1	0	0	0	0	0	0	1
http://genome.ucsc.edu/cgi-bin/hgTracks?hgS_doOtherUser=submit&hgS_otherUserName=welch16&hgS_otherUserSessionName=MC_tracks&position=chr4:183310801-183313000	chr4	183311801	183312000	4	2.872097664639607	6.325370716538627	6.325370716538627	Intron (uc021xux.1/55714, intron 1 of 2)	chr4	183245099	183550042	304944	+	uc021xux.1	66702	ENSG00000218336	TENM3	teneurin transmembrane protein 3	1	0	0	0	0	0	1	0	0
http://genome.ucsc.edu/cgi-bin/hgTracks?hgS_doOtherUser=submit&hgS_otherUserName=welch16&hgS_otherUserSessionName=MC_tracks&position=chr4:183466001-183468200	chr4	183467001	183467200	2	2.017090507813116	5.8884659798053125	5.8884659798053125	Intron (uc021xux.1/55714, intron 1 of 2)	chr4	183601401	183676506	75106	+	uc003ive.1	-134201	ENSG00000218336	TENM3	teneurin transmembrane protein 3	1	0	0	0	0	0	1	0	0
http://genome.ucsc.edu/cgi-bin/hgTracks?hgS_doOtherUser=submit&hgS_otherUserName=welch16&hgS_otherUserSessionName=MC_tracks&position=chr4:183792001-183794200	chr4	183793001	183793200	6	2.2164854562061054	6.326703979525966	6.326703979525966	Distal Intergenic	chr4	183811244	183838630	27387	-	uc003ivf.3	45430	ENSG00000129187	DCTD	dCMP deaminase	0	1	0	0	0	0	0	0	1
http://genome.ucsc.edu/cgi-bin/hgTracks?hgS_doOtherUser=submit&hgS_otherUserName=welch16&hgS_otherUserSessionName=MC_tracks&position=chr4:183927801-183930000	chr4	183928801	183929000	3	1.973830738591219	5.676069639848223	5.676069639848223	Distal Intergenic	chr4	183958818	183961272	2455	+	uc003ivi.4	-29818	ENSG00000230219	FAM92A1P2	family with sequence similarity 92, member A3	0	1	0	0	0	0	0	0	1
http://genome.ucsc.edu/cgi-bin/hgTracks?hgS_doOtherUser=submit&hgS_otherUserName=welch16&hgS_otherUserSessionName=MC_tracks&position=chr4:183949801-183952000	chr4	183950801	183951000	2	2.0977671920900534	6.326703979525966	6.326703979525966	Distal Intergenic	chr4	183958818	183961272	2455	+	uc003ivi.4	-7818	ENSG00000230219	FAM92A1P2	family with sequence similarity 92, member A3	0	1	0	0	0	0	0	0	1
http://genome.ucsc.edu/cgi-bin/hgTracks?hgS_doOtherUser=submit&hgS_otherUserName=welch16&hgS_otherUserSessionName=MC_tracks&position=chr4:184106401-184108600	chr4	184107401	184107600	1	2.4571952597660065	6.65753799658859	6.65753799658859	Intron (uc010irx.3/80014, intron 1 of 22)	chr4	184114752	184241929	127178	+	uc003ivk.4	-7152	ENSG00000151718	WWC2	WW and C2 domain containing 2	1	0	0	0	0	0	1	0	0
http://genome.ucsc.edu/cgi-bin/hgTracks?hgS_doOtherUser=submit&hgS_otherUserName=welch16&hgS_otherUserSessionName=MC_tracks&position=chr4:184229201-184231400	chr4	184230201	184230400	1	3.9245351429294977	6.315619489235042	6.315619489235042	Intron (uc010irx.3/80014, intron 21 of 22)	chr4	184239220	184241927	2708	-	uc010isa.1	11527	ENSG00000177300	CLDN22	claudin 22	1	0	0	0	0	0	1	0	0
http://genome.ucsc.edu/cgi-bin/hgTracks?hgS_doOtherUser=submit&hgS_otherUserName=welch16&hgS_otherUserSessionName=MC_tracks&position=chr4:184494201-184496400	chr4	184495201	184495400	1	2.638351750983375	6.105868247191389	6.105868247191389	Distal Intergenic	chr4	184427236	184432249	5014	+	uc011ckk.1	67965	ENSG00000168556	ING2	inhibitor of growth family, member 2	0	1	0	0	0	0	0	0	1
http://genome.ucsc.edu/cgi-bin/hgTracks?hgS_doOtherUser=submit&hgS_otherUserName=welch16&hgS_otherUserSessionName=MC_tracks&position=chr4:184745001-184747200	chr4	184746001	184746200	4	2.8500449035647173	6.093398229761038	6.093398229761038	Distal Intergenic	chr4	184826509	184938875	112367	+	uc003ivz.1	-80309	ENSG00000173320	STOX2	storkhead box 2	0	1	0	0	0	0	0	0	1
http://genome.ucsc.edu/cgi-bin/hgTracks?hgS_doOtherUser=submit&hgS_otherUserName=welch16&hgS_otherUserSessionName=MC_tracks&position=chr4:184851601-184853800	chr4	184852601	184852800	3	2.059684143405422	5.9194580831904995	5.9194580831904995	Intron (uc003ivz.1/56977, intron 1 of 3)	chr4	184826509	184938875	112367	+	uc003ivz.1	26092	ENSG00000173320	STOX2	storkhead box 2	1	0	0	0	0	0	1	0	0
http://genome.ucsc.edu/cgi-bin/hgTracks?hgS_doOtherUser=submit&hgS_otherUserName=welch16&hgS_otherUserSessionName=MC_tracks&position=chr4:184930801-184933000	chr4	184931801	184932000	5	3.0073068363082878	6.896834833223717	6.896834833223717	Exon (uc003ivz.1/56977, exon 3 of 4)	chr4	184930311	184938875	8565	+	uc003iwa.1	1490	ENSG00000173320	STOX2	storkhead box 2	1	0	0	0	0	1	0	0	0
http://genome.ucsc.edu/cgi-bin/hgTracks?hgS_doOtherUser=submit&hgS_otherUserName=welch16&hgS_otherUserSessionName=MC_tracks&position=chr4:185191401-185193600	chr4	185192401	185192600	3	2.4130556696329473	5.847880605031665	5.847880605031665	Distal Intergenic	chr4	185009859	185139114	129256	-	uc003iwc.3	-53287	ENSG00000164303	ENPP6	ectonucleotide pyrophosphatase/phosphodiesterase 6	0	1	0	0	0	0	0	0	1
http://genome.ucsc.edu/cgi-bin/hgTracks?hgS_doOtherUser=submit&hgS_otherUserName=welch16&hgS_otherUserSessionName=MC_tracks&position=chr4:185237201-185239400	chr4	185238201	185238400	7	1.9798543779858022	5.838842939801347	5.838842939801347	Distal Intergenic	chr4	185262184	185275130	12947	-	uc003iwd.2	36730	ENSG00000180712	LOC728175	uncharacterized LOC728175	0	1	0	0	0	0	0	0	1
http://genome.ucsc.edu/cgi-bin/hgTracks?hgS_doOtherUser=submit&hgS_otherUserName=welch16&hgS_otherUserSessionName=MC_tracks&position=chr4:185924801-185927200	chr4	185925801	185926200	18	2.259786299281169	6.377145043515004	6.0906086310200935	Distal Intergenic	chr4	185939995	185941926	1932	+	uc011cko.2	-13795	ENSG00000187821	HELT	helt bHLH transcription factor	0	1	0	0	0	0	0	0	1
http://genome.ucsc.edu/cgi-bin/hgTracks?hgS_doOtherUser=submit&hgS_otherUserName=welch16&hgS_otherUserSessionName=MC_tracks&position=chr4:186285401-186287800	chr4	186286401	186286800	16	3.181219727247803	6.632188616739347	6.632188616739347	3' UTR	chr4	186285032	186300152	15121	-	uc003ixj.2	13352	ENSG00000109771	LRP2BP	LRP2 binding protein	1	0	0	0	1	1	1	1	0
http://genome.ucsc.edu/cgi-bin/hgTracks?hgS_doOtherUser=submit&hgS_otherUserName=welch16&hgS_otherUserSessionName=MC_tracks&position=chr4:186547801-186550000	chr4	186548801	186549000	3	3.4795569581403054	6.656936247236445	6.656936247236445	Intron (uc011cku.2/8470, intron 9 of 14)	chr4	186506598	186578123	71526	-	uc011cku.2	29123	ENSG00000154556	SORBS2	sorbin and SH3 domain containing 2	1	0	0	0	0	0	1	0	0
http://genome.ucsc.edu/cgi-bin/hgTracks?hgS_doOtherUser=submit&hgS_otherUserName=welch16&hgS_otherUserSessionName=MC_tracks&position=chr4:186609801-186612000	chr4	186610801	186611000	5	3.1228381542524737	5.781506470906171	5.781506470906171	Intron (uc003iyh.3/8470, intron 21 of 22)	chr4	186506598	186606000	99403	-	uc003iyf.3	-4801	ENSG00000154556	SORBS2	sorbin and SH3 domain containing 2	1	0	0	0	0	0	1	0	0
http://genome.ucsc.edu/cgi-bin/hgTracks?hgS_doOtherUser=submit&hgS_otherUserName=welch16&hgS_otherUserSessionName=MC_tracks&position=chr4:186923201-186925400	chr4	186924201	186924400	2	3.4392044061579923	7.776555663740665	7.776555663740665	Distal Intergenic	chr4	186506598	186877870	371273	-	uc003iyl.3	-46331	ENSG00000154556	SORBS2	sorbin and SH3 domain containing 2	0	1	0	0	0	0	0	0	1
http://genome.ucsc.edu/cgi-bin/hgTracks?hgS_doOtherUser=submit&hgS_otherUserName=welch16&hgS_otherUserSessionName=MC_tracks&position=chr4:186940601-186943000	chr4	186941601	186942000	11	1.7310852887536265	6.327490434601086	6.170997456751845	Distal Intergenic	chr4	186990309	187006252	15944	+	uc003iyq.3	-48309	ENSG00000164342	TLR3	toll-like receptor 3	0	1	0	0	0	0	0	0	1
http://genome.ucsc.edu/cgi-bin/hgTracks?hgS_doOtherUser=submit&hgS_otherUserName=welch16&hgS_otherUserSessionName=MC_tracks&position=chr4:187011001-187013200	chr4	187012001	187012200	3	1.9442678497317631	5.897122017487687	5.897122017487687	Distal Intergenic	chr4	187003379	187006252	2874	+	uc003iyr.3	8622	ENSG00000164342	TLR3	toll-like receptor 3	0	1	0	0	0	0	0	0	1
http://genome.ucsc.edu/cgi-bin/hgTracks?hgS_doOtherUser=submit&hgS_otherUserName=welch16&hgS_otherUserSessionName=MC_tracks&position=chr4:187340801-187343000	chr4	187341801	187342000	2	3.8593609430466715	6.015135568124121	6.015135568124121	Intron (uc003izb.2/285441, intron 3 of 3)	chr4	187207252	187422212	214961	-	uc003izb.2	80212	ENSG00000251165	F11-AS1	F11 antisense RNA 1	1	0	0	0	0	0	1	0	0
http://genome.ucsc.edu/cgi-bin/hgTracks?hgS_doOtherUser=submit&hgS_otherUserName=welch16&hgS_otherUserSessionName=MC_tracks&position=chr4:187390401-187392600	chr4	187391401	187391600	1	2.034114409513214	6.436376207578829	6.436376207578829	Intron (uc003izb.2/285441, intron 3 of 3)	chr4	187207252	187422212	214961	-	uc003izb.2	30612	ENSG00000251165	F11-AS1	F11 antisense RNA 1	1	0	0	0	0	0	1	0	0
http://genome.ucsc.edu/cgi-bin/hgTracks?hgS_doOtherUser=submit&hgS_otherUserName=welch16&hgS_otherUserSessionName=MC_tracks&position=chr4:187621601-187623800	chr4	187622601	187622800	2	2.730760414156171	7.717601858501386	7.717601858501386	Intron (uc003izf.3/2195, intron 25 of 26)	chr4	187508937	187644987	136051	-	uc003izf.3	22187	ENSG00000083857	FAT1	FAT atypical cadherin 1	1	0	0	0	0	0	1	0	0
http://genome.ucsc.edu/cgi-bin/hgTracks?hgS_doOtherUser=submit&hgS_otherUserName=welch16&hgS_otherUserSessionName=MC_tracks&position=chr4:189364401-189366600	chr4	189365401	189365600	3	3.172914899972777	6.325370716538627	6.325370716538627	Intron (uc003izo.1/401164, intron 2 of 4)	chr4	189376732	189459706	82975	+	uc003izp.2	-11132	ENSG00000249378	LINC01060	long intergenic non-protein coding RNA 1060	1	0	0	0	0	0	1	0	0
http://genome.ucsc.edu/cgi-bin/hgTracks?hgS_doOtherUser=submit&hgS_otherUserName=welch16&hgS_otherUserSessionName=MC_tracks&position=chr4:189493201-189495400	chr4	189494201	189494400	3	2.228584255790238	6.190052923601651	6.190052923601651	Intron (uc021xvn.1/401164, intron 4 of 4)	chr4	189376732	189459706	82975	+	uc003izp.2	117469	ENSG00000249378	LINC01060	long intergenic non-protein coding RNA 1060	1	0	0	0	0	0	1	0	0
http://genome.ucsc.edu/cgi-bin/hgTracks?hgS_doOtherUser=submit&hgS_otherUserName=welch16&hgS_otherUserSessionName=MC_tracks&position=chr4:190153801-190156000	chr4	190154801	190155000	1	3.986743255428014	15.940728426182362	15.940728426182362	Distal Intergenic	chr4	190861974	190884359	22386	+	uc003izs.3	-706974	ENSG00000109536	FRG1	FSHD region gene 1	0	1	0	0	0	0	0	0	1
http://genome.ucsc.edu/cgi-bin/hgTracks?hgS_doOtherUser=submit&hgS_otherUserName=welch16&hgS_otherUserSessionName=MC_tracks&position=chr4:190701401-190703600	chr4	190702401	190702600	1	4.10419392368217	6.087184375781236	6.087184375781236	Distal Intergenic	chr4	190861974	190884359	22386	+	uc003izs.3	-159374	ENSG00000109536	FRG1	FSHD region gene 1	0	1	0	0	0	0	0	0	1
http://genome.ucsc.edu/cgi-bin/hgTracks?hgS_doOtherUser=submit&hgS_otherUserName=welch16&hgS_otherUserSessionName=MC_tracks&position=chr12:126193001-126195200	chr12	126194001	126194200	4	2.192887825847757	5.956369374851832	5.956369374851832	Distal Intergenic	chr12	126107042	126143589	36548	+	uc001uhf.1	86959	ENSG00000139364	TMEM132B	transmembrane protein 132B	0	1	0	0	0	0	0	0	1
http://genome.ucsc.edu/cgi-bin/hgTracks?hgS_doOtherUser=submit&hgS_otherUserName=welch16&hgS_otherUserSessionName=MC_tracks&position=chr13:27760801-27763000	chr13	27761801	27762000	1	2.4900069885645	6.0124461349462885	6.0124461349462885	Distal Intergenic	chr13	27640287	27746033	105747	-	uc001uqy.3	-15768	ENSG00000152484	USP12	ubiquitin specific peptidase 12	0	1	0	0	0	0	0	0	1
http://genome.ucsc.edu/cgi-bin/hgTracks?hgS_doOtherUser=submit&hgS_otherUserName=welch16&hgS_otherUserSessionName=MC_tracks&position=chr14:32444801-32447000	chr14	32445801	32446000	1	3.2667598269252887	5.844313793641954	5.844313793641954	Distal Intergenic	chr14	32544625	32545905	1281	-	uc010amk.3	99905	NA	ARHGAP5-AS1	ARHGAP5 antisense RNA 1 (head to head)	0	1	0	0	0	0	0	0	1
http://genome.ucsc.edu/cgi-bin/hgTracks?hgS_doOtherUser=submit&hgS_otherUserName=welch16&hgS_otherUserSessionName=MC_tracks&position=chr14:32731201-32733400	chr14	32732201	32732400	2	2.4272696147914723	7.1381088677738465	7.1381088677738465	Distal Intergenic	chr14	32798479	33203819	405341	+	uc010aml.3	-66079	ENSG00000151320	AKAP6	A kinase (PRKA) anchor protein 6	0	1	0	0	0	0	0	0	1
http://genome.ucsc.edu/cgi-bin/hgTracks?hgS_doOtherUser=submit&hgS_otherUserName=welch16&hgS_otherUserSessionName=MC_tracks&position=chr14:32952201-32955000	chr14	32953201	32954000	18	5.0220678936980425	9.619230801962333	6.950506824387161	Intron (uc010aml.3/9472, intron 2 of 9)	chr14	32798479	33203819	405341	+	uc010aml.3	154722	ENSG00000151320	AKAP6	A kinase (PRKA) anchor protein 6	1	0	0	0	0	0	1	0	0
http://genome.ucsc.edu/cgi-bin/hgTracks?hgS_doOtherUser=submit&hgS_otherUserName=welch16&hgS_otherUserSessionName=MC_tracks&position=chr14:33334801-33337000	chr14	33335801	33336000	3	2.1177223435320536	5.773964310170678	5.773964310170678	Distal Intergenic	chr14	33408459	34273382	864924	+	uc001wrs.3	-72459	ENSG00000151322	NPAS3	neuronal PAS domain protein 3	0	1	0	0	0	0	0	0	1
http://genome.ucsc.edu/cgi-bin/hgTracks?hgS_doOtherUser=submit&hgS_otherUserName=welch16&hgS_otherUserSessionName=MC_tracks&position=chr14:33369601-33371800	chr14	33370601	33370800	4	2.236632110403633	5.773964310170678	5.773964310170678	Distal Intergenic	chr14	33408459	34273382	864924	+	uc001wrs.3	-37659	ENSG00000151322	NPAS3	neuronal PAS domain protein 3	0	1	0	0	0	0	0	0	1
http://genome.ucsc.edu/cgi-bin/hgTracks?hgS_doOtherUser=submit&hgS_otherUserName=welch16&hgS_otherUserSessionName=MC_tracks&position=chr14:33692401-33694600	chr14	33693401	33693600	1	3.3664714380822227	5.803142847408068	5.803142847408068	Intron (uc001wrs.3/64067, intron 3 of 11)	chr14	33684388	34150248	465861	+	uc001wrw.3	9013	ENSG00000151322	NPAS3	neuronal PAS domain protein 3	1	0	0	0	0	0	1	0	0
http://genome.ucsc.edu/cgi-bin/hgTracks?hgS_doOtherUser=submit&hgS_otherUserName=welch16&hgS_otherUserSessionName=MC_tracks&position=chr14:33880401-33882800	chr14	33881401	33881800	4	4.712720073659887	6.91650947957073	6.071946939996781	Intron (uc001wrs.3/64067, intron 4 of 11)	chr14	33684388	34150248	465861	+	uc001wrw.3	197013	ENSG00000151322	NPAS3	neuronal PAS domain protein 3	1	0	0	0	0	0	1	0	0
http://genome.ucsc.edu/cgi-bin/hgTracks?hgS_doOtherUser=submit&hgS_otherUserName=welch16&hgS_otherUserSessionName=MC_tracks&position=chr14:34137801-34140000	chr14	34138801	34139000	2	2.7268495935999546	6.207670244433781	6.207670244433781	Intron (uc001wrs.3/64067, intron 5 of 11)	chr14	34393421	34420032	26612	-	uc001wry.3	281032	ENSG00000129521	EGLN3	egl-9 family hypoxia-inducible factor 3	1	0	0	0	0	0	1	0	0
http://genome.ucsc.edu/cgi-bin/hgTracks?hgS_doOtherUser=submit&hgS_otherUserName=welch16&hgS_otherUserSessionName=MC_tracks&position=chr14:34339201-34341400	chr14	34340201	34340400	2	3.562283905938426	5.808887451221567	5.808887451221567	Distal Intergenic	chr14	34393421	34420032	26612	-	uc001wry.3	79632	ENSG00000129521	EGLN3	egl-9 family hypoxia-inducible factor 3	0	1	0	0	0	0	0	0	1
http://genome.ucsc.edu/cgi-bin/hgTracks?hgS_doOtherUser=submit&hgS_otherUserName=welch16&hgS_otherUserSessionName=MC_tracks&position=chr14:34433001-34435200	chr14	34434001	34434200	4	2.1927342571365065	5.956369374851832	5.956369374851832	Distal Intergenic	chr14	34393421	34420284	26864	-	uc001wsa.4	-13717	ENSG00000129521	EGLN3	egl-9 family hypoxia-inducible factor 3	0	1	0	0	0	0	0	0	1
http://genome.ucsc.edu/cgi-bin/hgTracks?hgS_doOtherUser=submit&hgS_otherUserName=welch16&hgS_otherUserSessionName=MC_tracks&position=chr14:34579001-34581200	chr14	34580001	34580200	1	3.311734053050184	6.872621309674027	6.872621309674027	Distal Intergenic	chr14	34393421	34420284	26864	-	uc001wsa.4	-159717	ENSG00000129521	EGLN3	egl-9 family hypoxia-inducible factor 3	0	1	0	0	0	0	0	0	1
http://genome.ucsc.edu/cgi-bin/hgTracks?hgS_doOtherUser=submit&hgS_otherUserName=welch16&hgS_otherUserSessionName=MC_tracks&position=chr14:34843401-34845600	chr14	34844401	34844600	1	2.7268968393723294	6.207670244433781	6.207670244433781	Distal Intergenic	chr14	34902144	34931468	29325	-	uc001wsc.3	86868	ENSG00000165389	SPTSSA	serine palmitoyltransferase, small subunit A	0	1	0	0	0	0	0	0	1
http://genome.ucsc.edu/cgi-bin/hgTracks?hgS_doOtherUser=submit&hgS_otherUserName=welch16&hgS_otherUserSessionName=MC_tracks&position=chr14:35133801-35136000	chr14	35134801	35135000	1	2.491804248388874	5.954168339754916	5.954168339754916	Distal Intergenic	chr14	35030618	35099366	68749	-	uc001wsf.1	-35435	ENSG00000129515	SNX6	sorting nexin 6	0	1	0	0	0	0	0	0	1
http://genome.ucsc.edu/cgi-bin/hgTracks?hgS_doOtherUser=submit&hgS_otherUserName=welch16&hgS_otherUserSessionName=MC_tracks&position=chr14:35139801-35142000	chr14	35140801	35141000	3	2.4211883403845196	6.493532391907409	6.493532391907409	Distal Intergenic	chr14	35030618	35099366	68749	-	uc001wsf.1	-41435	ENSG00000129515	SNX6	sorting nexin 6	0	1	0	0	0	0	0	0	1
http://genome.ucsc.edu/cgi-bin/hgTracks?hgS_doOtherUser=submit&hgS_otherUserName=welch16&hgS_otherUserSessionName=MC_tracks&position=chr14:35373401-35375600	chr14	35374401	35374600	2	3.790927471415314	5.7146256901700685	5.7146256901700685	Distal Intergenic	chr14	35221937	35344853	122917	-	uc001wsk.3	-29548	ENSG00000198604	BAZ1A	bromodomain adjacent to zinc finger domain, 1A	0	1	0	0	0	0	0	0	1
http://genome.ucsc.edu/cgi-bin/hgTracks?hgS_doOtherUser=submit&hgS_otherUserName=welch16&hgS_otherUserSessionName=MC_tracks&position=chr14:35605801-35608200	chr14	35606801	35607200	3	5.716875985086309	9.812989161433732	6.209295488552224	Intron (uc001wsy.2/9692, intron 4 of 7)	chr14	35591758	35743497	151740	+	uc001wtc.2	15043	ENSG00000100890	KIAA0391	KIAA0391	1	0	0	0	0	0	1	0	0
http://genome.ucsc.edu/cgi-bin/hgTracks?hgS_doOtherUser=submit&hgS_otherUserName=welch16&hgS_otherUserSessionName=MC_tracks&position=chr14:35631801-35634000	chr14	35632801	35633000	1	3.582447742859826	5.998737319781372	5.998737319781372	Intron (uc001wsy.2/9692, intron 4 of 7)	chr14	35591758	35743497	151740	+	uc001wtc.2	41043	ENSG00000100890	KIAA0391	KIAA0391	1	0	0	0	0	0	1	0	0
http://genome.ucsc.edu/cgi-bin/hgTracks?hgS_doOtherUser=submit&hgS_otherUserName=welch16&hgS_otherUserSessionName=MC_tracks&position=chr14:36313001-36315200	chr14	36314001	36314200	1	5.1227273444627475	5.7146256901700685	5.7146256901700685	Intron (uc010tpx.1/84312, intron 5 of 6)	chr14	36295597	36333159	37563	+	uc010tpx.1	18404	ENSG00000100916	BRMS1L	breast cancer metastasis-suppressor 1-like	1	0	0	0	0	0	1	0	0
http://genome.ucsc.edu/cgi-bin/hgTracks?hgS_doOtherUser=submit&hgS_otherUserName=welch16&hgS_otherUserSessionName=MC_tracks&position=chr14:36715801-36718000	chr14	36716801	36717000	2	2.74622285741095	5.670496582145468	5.670496582145468	Distal Intergenic	chr14	36604916	36645857	40942	-	uc031qoh.1	-70944	NA	PTCSC3	papillary thyroid carcinoma susceptibility candidate 3 (non-protein coding)	0	1	0	0	0	0	0	0	1
http://genome.ucsc.edu/cgi-bin/hgTracks?hgS_doOtherUser=submit&hgS_otherUserName=welch16&hgS_otherUserSessionName=MC_tracks&position=chr14:37014401-37016600	chr14	37015401	37015600	4	3.122736249624311	5.781506470906171	5.781506470906171	Distal Intergenic	chr14	36985604	36989430	3827	-	uc001wtu.3	-25971	ENSG00000136352	NKX2-1	NK2 homeobox 1	0	1	0	0	0	0	0	0	1
http://genome.ucsc.edu/cgi-bin/hgTracks?hgS_doOtherUser=submit&hgS_otherUserName=welch16&hgS_otherUserSessionName=MC_tracks&position=chr14:38462401-38464800	chr14	38463401	38463800	9	2.3837283366839204	6.0124461349462885	5.982330435775281	Intron (uc001wug.3/uc001wug.3, intron 18 of 18)	chr14	38677204	38682268	5065	+	uc001wul.1	-213404	ENSG00000139874	SSTR1	somatostatin receptor 1	1	0	0	0	0	0	1	0	0
http://genome.ucsc.edu/cgi-bin/hgTracks?hgS_doOtherUser=submit&hgS_otherUserName=welch16&hgS_otherUserSessionName=MC_tracks&position=chr14:38991201-38993400	chr14	38992201	38992400	1	2.723717039820874	5.781506470906171	5.781506470906171	Distal Intergenic	chr14	38723205	38725575	2371	-	uc001wum.2	-266626	ENSG00000176435	CLEC14A	C-type lectin domain family 14, member A	0	1	0	0	0	0	0	0	1
http://genome.ucsc.edu/cgi-bin/hgTracks?hgS_doOtherUser=submit&hgS_otherUserName=welch16&hgS_otherUserSessionName=MC_tracks&position=chr14:39485201-39487400	chr14	39486201	39486400	1	2.3326612462889043	5.847880605031665	5.847880605031665	Distal Intergenic	chr14	39218543	39417475	198933	-	uc001wun.3	-68726	ENSG00000259070	LINC00639	long intergenic non-protein coding RNA 639	0	1	0	0	0	0	0	0	1
http://genome.ucsc.edu/cgi-bin/hgTracks?hgS_doOtherUser=submit&hgS_otherUserName=welch16&hgS_otherUserSessionName=MC_tracks&position=chr14:40000001-40002200	chr14	40001001	40001200	1	1.9878302497571383	5.67555515089507	5.67555515089507	Distal Intergenic	chr14	39865577	39901704	36128	-	uc001wvk.3	-99297	ENSG00000165355	FBXO33	F-box protein 33	0	1	0	0	0	0	0	0	1
http://genome.ucsc.edu/cgi-bin/hgTracks?hgS_doOtherUser=submit&hgS_otherUserName=welch16&hgS_otherUserSessionName=MC_tracks&position=chr14:40255001-40257200	chr14	40256001	40256200	1	3.366273247549803	5.803142847408068	5.803142847408068	Distal Intergenic	chr14	39865577	39901704	36128	-	uc001wvk.3	-354297	ENSG00000165355	FBXO33	F-box protein 33	0	1	0	0	0	0	0	0	1
http://genome.ucsc.edu/cgi-bin/hgTracks?hgS_doOtherUser=submit&hgS_otherUserName=welch16&hgS_otherUserSessionName=MC_tracks&position=chr14:40471801-40474000	chr14	40472801	40473000	1	2.28330723589846	6.273210061618496	6.273210061618496	Distal Intergenic	chr14	39865577	39901704	36128	-	uc001wvk.3	-571097	ENSG00000165355	FBXO33	F-box protein 33	0	1	0	0	0	0	0	0	1
http://genome.ucsc.edu/cgi-bin/hgTracks?hgS_doOtherUser=submit&hgS_otherUserName=welch16&hgS_otherUserSessionName=MC_tracks&position=chr17:548401-550800	chr17	549401	549800	18	6.0049186282342415	13.219596290247672	9.319810134070691	Intron (uc002frk.3/55275, intron 16 of 16)	chr17	411908	579647	167740	-	uc002frk.3	29847	ENSG00000141252	VPS53	vacuolar protein sorting 53 homolog (S. cerevisiae)	1	0	0	0	0	0	1	0	0
http://genome.ucsc.edu/cgi-bin/hgTracks?hgS_doOtherUser=submit&hgS_otherUserName=welch16&hgS_otherUserSessionName=MC_tracks&position=chr17:50795401-50797600	chr17	50796401	50796600	2	2.4776479886073846	7.793487436066556	7.793487436066556	Distal Intergenic	chr17	51062880	51065012	2133	+	uc021uaf.1	-266280	NA	C17orf112	chromosome 17 open reading frame 112	0	1	0	0	0	0	0	0	1
http://genome.ucsc.edu/cgi-bin/hgTracks?hgS_doOtherUser=submit&hgS_otherUserName=welch16&hgS_otherUserSessionName=MC_tracks&position=chr20:1907601-1909800	chr20	1908601	1908800	2	1.7912962398658905	5.687997898220292	5.687997898220292	Intron (uc002wfq.3/140885, intron 7 of 8)	chr20	1876085	1920540	44456	+	uc002wft.3	32516	ENSG00000198053	SIRPA	signal-regulatory protein alpha	1	0	0	0	0	0	1	0	0
http://genome.ucsc.edu/cgi-bin/hgTracks?hgS_doOtherUser=submit&hgS_otherUserName=welch16&hgS_otherUserSessionName=MC_tracks&position=chr20:4281801-4284000	chr20	4282801	4283000	1	1.2724800262015403	5.885168263707308	5.885168263707308	Distal Intergenic	chr20	4201278	4229659	28382	-	uc002wkr.2	-53142	ENSG00000171873	ADRA1D	adrenoceptor alpha 1D	0	1	0	0	0	0	0	0	1
http://genome.ucsc.edu/cgi-bin/hgTracks?hgS_doOtherUser=submit&hgS_otherUserName=welch16&hgS_otherUserSessionName=MC_tracks&position=chr20:7723801-7726000	chr20	7724801	7725000	2	4.580050152918156	9.919403604152103	9.919403604152103	Distal Intergenic	chr20	7863631	7921093	57463	-	uc002wmw.1	196093	ENSG00000101323	HAO1	hydroxyacid oxidase (glycolate oxidase) 1	0	1	0	0	0	0	0	0	1
http://genome.ucsc.edu/cgi-bin/hgTracks?hgS_doOtherUser=submit&hgS_otherUserName=welch16&hgS_otherUserSessionName=MC_tracks&position=chr20:11998201-12000400	chr20	11999201	11999400	2	1.9585851689800027	6.106662008983627	6.106662008983627	Distal Intergenic	chr20	11900018	11907243	7226	+	uc010zrh.2	99183	ENSG00000132640	BTBD3	BTB (POZ) domain containing 3	0	1	0	0	0	0	0	0	1
http://genome.ucsc.edu/cgi-bin/hgTracks?hgS_doOtherUser=submit&hgS_otherUserName=welch16&hgS_otherUserSessionName=MC_tracks&position=chr20:13149201-13151400	chr20	13150201	13150400	2	2.245621656535288	7.308555328002848	7.308555328002848	Downstream (2-3kb)	chr20	13202418	13281297	78880	+	uc010gce.1	-52018	ENSG00000101230	ISM1	isthmin 1, angiogenesis inhibitor	0	1	0	0	0	0	0	1	0
http://genome.ucsc.edu/cgi-bin/hgTracks?hgS_doOtherUser=submit&hgS_otherUserName=welch16&hgS_otherUserSessionName=MC_tracks&position=chr20:15304001-15306200	chr20	15305001	15305200	2	2.508544715480923	6.547024304419129	6.547024304419129	Intron (uc002wot.3/140733, intron 6 of 16)	chr20	15177504	16033841	856338	+	uc002woz.3	127497	ENSG00000172264	MACROD2	MACRO domain containing 2	1	0	0	0	0	0	1	0	0
http://genome.ucsc.edu/cgi-bin/hgTracks?hgS_doOtherUser=submit&hgS_otherUserName=welch16&hgS_otherUserSessionName=MC_tracks&position=chr20:17727001-17729200	chr20	17728001	17728200	2	1.7930966498677652	5.859381690790201	5.859381690790201	Distal Intergenic	chr20	17680593	17716517	35925	+	uc002wpz.2	47408	ENSG00000125888	BANF2	barrier to autointegration factor 2	0	1	0	0	0	0	0	0	1
http://genome.ucsc.edu/cgi-bin/hgTracks?hgS_doOtherUser=submit&hgS_otherUserName=welch16&hgS_otherUserSessionName=MC_tracks&position=chr20:19585801-19588000	chr20	19586801	19587000	1	2.2159002153529523	6.345370671813031	6.345370671813031	Intron (uc002wrl.3/57419, intron 6 of 16)	chr20	19867165	19983103	115939	+	uc002wro.2	-280165	ENSG00000132669	RIN2	Ras and Rab interactor 2	1	0	0	0	0	0	1	0	0
http://genome.ucsc.edu/cgi-bin/hgTracks?hgS_doOtherUser=submit&hgS_otherUserName=welch16&hgS_otherUserSessionName=MC_tracks&position=chr20:22603201-22605400	chr20	22604201	22604400	2	1.7312451096669248	5.687997898220292	5.687997898220292	Distal Intergenic	chr20	22561642	22566101	4460	-	uc002wsn.3	-38100	ENSG00000125798	FOXA2	forkhead box A2	0	1	0	0	0	0	0	0	1
http://genome.ucsc.edu/cgi-bin/hgTracks?hgS_doOtherUser=submit&hgS_otherUserName=welch16&hgS_otherUserSessionName=MC_tracks&position=chr22:40820801-40823000	chr22	40821801	40822000	1	2.4208472176375158	5.956369374851832	5.956369374851832	Intron (uc003ayv.1/57591, intron 8 of 11)	chr22	40806292	40859438	53147	-	uc003ayv.1	37438	ENSG00000196588	MKL1	megakaryoblastic leukemia (translocation) 1	1	0	0	0	0	0	1	0	0
